Date,Open,High,Low,Close,Adj Close,Volume
30/12/2022,3845.92,3845.92,3792.09,3793.62,3793.62,0
29/12/2022,3803.24,3851.39,3793.25,3850.07,3850.07,0
28/12/2022,3833.45,3842.22,3805.94,3808.82,3808.82,0
27/12/2022,3826.99,3854.61,3826.99,3832.89,3832.89,0
23/12/2022,3817.01,3833.61,3798.74,3817.01,3817.01,0
22/12/2022,3870.98,3889.7,3817.49,3823.29,3823.29,0
21/12/2022,3810.870117,3874.360107,3810.870117,3872.149902,3872.149902,25091800
20/12/2022,3790.580078,3816.899902,3767.26001,3802.48999,3802.48999,28095300
19/12/2022,3808.530029,3835.629883,3808.530029,3811.23999,3811.23999,22537800
16/12/2022,3831,3837.77002,3783.939941,3804.02002,3804.02002,72865300
15/12/2022,3950.02002,3950.02002,3831.209961,3835.699951,3835.699951,49103300
14/12/2022,3980.709961,3980.709961,3955.149902,3975.26001,3975.26001,26716900
13/12/2022,3926.360107,4035.149902,3923.929932,3986.830078,3986.830078,33650300
12/12/2022,3931.590088,3936.110107,3911.669922,3921.820068,3921.820068,20949200
09/12/2022,3926.590088,3946.5,3905.939941,3942.620117,3942.620117,26353100
08/12/2022,3926.169922,3931.080078,3903.929932,3921.27002,3921.27002,19982600
07/12/2022,3929.709961,3944.030029,3911.459961,3920.899902,3920.899902,25630500
06/12/2022,3953.5,3963.51001,3924.649902,3939.189941,3939.189941,26961700
05/12/2022,3973.449951,3977.72998,3950.310059,3956.530029,3956.530029,20318200
02/12/2022,3974.159912,3996.570068,3940.52002,3977.899902,3977.899902,28794900
01/12/2022,3970.679932,4004.189941,3968.889893,3984.5,3984.5,35844500
30/11/2022,3945.709961,3972.689941,3943.459961,3964.719971,3964.719971,54927900
29/11/2022,3941.550049,3953.97998,3924.560059,3934.439941,3934.439941,26485800
28/11/2022,3952.709961,3957.560059,3925.129883,3935.51001,3935.51001,26030300
25/11/2022,3962.26001,3975.169922,3951.639893,3962.409912,3962.409912,22532600
23/11/2022,3938.570068,3950.139893,3925.370117,3946.439941,3946.439941,28050200
22/11/2022,3903.800049,3935.550049,3901.139893,3929.899902,3929.899902,32160400
21/11/2022,3915.659912,3921.949951,3896.709961,3909.280029,3909.280029,32334100
18/11/2022,3889.560059,3940.939941,3889.560059,3924.840088,3924.840088,43431600
17/11/2022,3890.169922,3910.169922,3842.870117,3878.419922,3878.419922,32444500
16/11/2022,3911.679932,3918.969971,3873.340088,3882.780029,3882.780029,29788000
15/11/2022,3896.290039,3932.22998,3889.25,3915.090088,3915.090088,31088400
14/11/2022,3873.51001,3915.669922,3872.209961,3887.51001,3887.51001,27377000
11/11/2022,3873.070068,3890.25,3859.5,3868.5,3868.5,38268800
10/11/2022,3717.689941,3849.139893,3706.790039,3846.560059,3846.560059,44833600
09/11/2022,3735.469971,3739.649902,3708.51001,3728.030029,3728.030029,30769500
08/11/2022,3704.199951,3741.290039,3695.169922,3739.280029,3739.280029,27401900
07/11/2022,3682.459961,3719.209961,3667.97998,3708.800049,3708.800049,34448100
04/11/2022,3601.919922,3711.209961,3601.919922,3688.330078,3688.330078,50017600
03/11/2022,3596.070068,3597.580078,3563.419922,3593.179932,3593.179932,28571100
02/11/2022,3653.419922,3675.659912,3621.179932,3622.01001,3622.01001,29427000
01/11/2022,3628.600098,3680.23999,3628.600098,3651.02002,3651.02002,27274900
31/10/2022,3622.550049,3631.22998,3606.969971,3617.540039,3617.540039,29741100
28/10/2022,3594.600098,3615.909912,3558.550049,3613.02002,3613.02002,29709100
27/10/2022,3604.949951,3618.72998,3565.360107,3604.51001,3604.51001,38256800
26/10/2022,3586.469971,3609.719971,3560.429932,3605.310059,3605.310059,31449100
25/10/2022,3536.919922,3585.580078,3511.52002,3585.580078,3585.580078,29931100
24/10/2022,3488.780029,3552.73999,3473.209961,3527.790039,3527.790039,31331300
21/10/2022,3477.27002,3488.01001,3422.929932,3476.629883,3476.629883,38820800
20/10/2022,3467.570068,3501.580078,3451.75,3492.850098,3492.850098,29617500
19/10/2022,3466.709961,3498.199951,3458.169922,3471.23999,3471.23999,23229200
18/10/2022,3449.949951,3511.060059,3449.949951,3463.830078,3463.830078,32665300
17/10/2022,3382.120117,3456.810059,3369.550049,3441.639893,3441.639893,26488900
14/10/2022,3371.709961,3452.98999,3371.709961,3381.72998,3381.72998,34861200
13/10/2022,3321.179932,3373.110107,3256.320068,3362.399902,3362.399902,35395100
12/10/2022,3339.5,3365.850098,3315.540039,3331.530029,3331.530029,27895000
11/10/2022,3352.540039,3356.409912,3310.409912,3340.350098,3340.350098,28872900
10/10/2022,3367.860107,3389.939941,3338.360107,3356.879883,3356.879883,24639400
07/10/2022,3419.310059,3434.129883,3373.649902,3375.459961,3375.459961,28227400
06/10/2022,3455.280029,3476.669922,3419.800049,3433.449951,3433.449951,26750600
05/10/2022,3479.23999,3480.449951,3427.699951,3447.719971,3447.719971,30015000
04/10/2022,3359.709961,3484.47998,3359.709961,3484.47998,3484.47998,37025400
03/10/2022,3309.02002,3348.449951,3259.75,3342.169922,3342.169922,31500900
30/09/2022,3282,3324.23999,3279.97998,3318.199951,3318.199951,39522200
29/09/2022,3332.800049,3332.800049,3249.570068,3279.040039,3279.040039,40550100
28/09/2022,3322.590088,3339.550049,3259.330078,3335.300049,3335.300049,43673200
27/09/2022,3349.939941,3396.080078,3328.649902,3328.649902,3328.649902,38819300
26/09/2022,3343.199951,3377.610107,3325.199951,3342.560059,3342.560059,32215800
23/09/2022,3427.139893,3427.139893,3330.100098,3348.600098,3348.600098,37876000
22/09/2022,3476.22998,3494.379883,3427.060059,3427.139893,3427.139893,29846400
21/09/2022,3461.300049,3494.409912,3425.699951,3491.870117,3491.870117,28274900
20/09/2022,3500.419922,3537.909912,3459.939941,3467.090088,3467.090088,35424200
19/09/2022,3499.780029,3520.110107,3451.51001,3499.48999,3499.48999,24090400
16/09/2022,3532.199951,3532.199951,3482.399902,3500.409912,3500.409912,64574500
15/09/2022,3566.469971,3586.360107,3532.080078,3541.790039,3541.790039,42869700
14/09/2022,3583.879883,3591.370117,3545.800049,3567.560059,3567.560059,29903900
13/09/2022,3649.23999,3683.02002,3586.080078,3586.179932,3586.179932,34987400
12/09/2022,3579.179932,3657.22998,3579.179932,3646.51001,3646.51001,36112400
09/09/2022,3512.709961,3581.570068,3512.709961,3570.040039,3570.040039,36556400
08/09/2022,3510.909912,3524.639893,3454.600098,3512.379883,3512.379883,34830400
07/09/2022,3495.02002,3510.899902,3462.860107,3502.090088,3502.090088,28569400
06/09/2022,3490.159912,3521.100098,3471.889893,3500.139893,3500.139893,25364400
02/09/2022,3466.659912,3548.850098,3466.659912,3544.379883,3544.379883,29976900
01/09/2022,3514.48999,3514.48999,3448.48999,3456.699951,3456.699951,27771400
31/08/2022,3571.969971,3583.050049,3517.25,3517.25,3517.25,41297400
30/08/2022,3576.889893,3629.5,3545.919922,3561.919922,3561.919922,30129900
29/08/2022,3600.47998,3600.47998,3537.23999,3570.51001,3570.51001,23779200
26/08/2022,3682.02002,3706.48999,3593.47998,3603.679932,3603.679932,32299200
25/08/2022,3670.570068,3703.52002,3659.75,3674.540039,3674.540039,28976000
24/08/2022,3651.050049,3672.790039,3626.409912,3667.459961,3667.459961,22406900
23/08/2022,3654.040039,3674.72998,3635.27002,3652.52002,3652.52002,29737400
22/08/2022,3724.139893,3724.139893,3643.719971,3658.219971,3658.219971,31457800
19/08/2022,3772.25,3772.25,3725.550049,3730.320068,3730.320068,31651600
18/08/2022,3755.850098,3779.77002,3748.889893,3777.379883,3777.379883,21449800
17/08/2022,3806.929932,3813.040039,3751.570068,3756.060059,3756.060059,25845100
16/08/2022,3796.040039,3819.120117,3786.590088,3805.219971,3805.219971,23982100
15/08/2022,3782.189941,3794.899902,3763.030029,3789.620117,3789.620117,21425200
12/08/2022,3760.580078,3784.189941,3756.189941,3776.810059,3776.810059,26900300
11/08/2022,3761.449951,3771.199951,3741.25,3757.050049,3757.050049,23953000
10/08/2022,3714.399902,3757.889893,3694.879883,3749.350098,3749.350098,25956200
09/08/2022,3752.26001,3755.320068,3711.550049,3715.370117,3715.370117,22617300
08/08/2022,3737.310059,3778.98999,3737.310059,3757.219971,3757.219971,24556800
05/08/2022,3751.51001,3757.47998,3716.389893,3725.389893,3725.389893,29117700
04/08/2022,3733.52002,3781.570068,3733.52002,3754.600098,3754.600098,31192400
03/08/2022,3687.98999,3734.790039,3681.889893,3732.540039,3732.540039,29490700
02/08/2022,3701.629883,3701.629883,3664.280029,3684.629883,3684.629883,29913500
29/07/2022,3662.699951,3720.159912,3662.699951,3708.100098,3708.100098,47393000
28/07/2022,3623.290039,3652.870117,3594.580078,3652.199951,3652.199951,39513900
27/07/2022,3583.389893,3617.5,3583.389893,3607.780029,3607.780029,28849600
26/07/2022,3602.01001,3604.370117,3571.840088,3575.360107,3575.360107,26051200
25/07/2022,3592.330078,3619.52002,3572.75,3604.159912,3604.159912,28368100
22/07/2022,3589.959961,3625.159912,3577.810059,3596.48999,3596.48999,37701200
21/07/2022,3581.719971,3611.100098,3554.689941,3596.51001,3596.51001,50380200
20/07/2022,3583.860107,3605.320068,3546.459961,3585.23999,3585.23999,40305000
19/07/2022,3498.429932,3593.780029,3473.639893,3587.439941,3587.439941,38039300
18/07/2022,3480.360107,3532.610107,3480.360107,3511.860107,3511.860107,33832300
15/07/2022,3402.679932,3480.850098,3394.02002,3477.199951,3477.199951,42287500
14/07/2022,3449.340088,3454.26001,3372.120117,3396.610107,3396.610107,44508800
13/07/2022,3481.820068,3481.820068,3409.540039,3453.969971,3453.969971,30818000
12/07/2022,3457.149902,3489.370117,3425.590088,3487.050049,3487.050049,43011800
11/07/2022,3485,3492.110107,3440.139893,3471.689941,3471.689941,25927600
08/07/2022,3484.709961,3510.860107,3454.51001,3506.550049,3506.550049,30502700
07/07/2022,3443.25,3493.939941,3443.25,3488.5,3488.5,37434300
06/07/2022,3368.51001,3438.959961,3368.51001,3421.840088,3421.840088,37702500
05/07/2022,3464.389893,3477.040039,3357.060059,3359.830078,3359.830078,40506100
01/07/2022,3450.620117,3471.25,3405.439941,3448.310059,3448.310059,34144000
30/06/2022,3501.199951,3501.199951,3414.73999,3454.860107,3454.860107,47870300
29/06/2022,3534.820068,3534.820068,3495.179932,3514.320068,3514.320068,27093600
28/06/2022,3545.919922,3583.459961,3545.889893,3549.290039,3549.290039,28200500
27/06/2022,3537.860107,3595.669922,3523.969971,3538.879883,3538.879883,33202600
24/06/2022,3443.280029,3538.939941,3443.280029,3533.169922,3533.169922,33373800
23/06/2022,3456.350098,3481.850098,3411.830078,3436.290039,3436.290039,39573200
22/06/2022,3494,3494,3413.040039,3464.639893,3464.639893,31496400
21/06/2022,3469.830078,3524.23999,3469.830078,3494,3494,28682300
17/06/2022,3433.560059,3485.939941,3422.780029,3438.459961,3438.459961,73481500
16/06/2022,3528.110107,3528.110107,3420.649902,3427.909912,3427.909912,40203200
15/06/2022,3496.280029,3549.27002,3487.439941,3532.320068,3532.320068,42377900
14/06/2022,3512.040039,3540.870117,3466.689941,3475.179932,3475.179932,35902300
13/06/2022,3581.870117,3581.870117,3494.310059,3502.5,3502.5,48850900
10/06/2022,3716.560059,3716.560059,3596.639893,3599.199951,3599.199951,56996300
09/06/2022,3780.030029,3788.969971,3719.52002,3724.449951,3724.449951,32691000
08/06/2022,3815.77002,3823.97998,3768.429932,3788.929932,3788.929932,27006900
07/06/2022,3830.209961,3830.209961,3783.350098,3806.73999,3806.73999,22608200
03/06/2022,3813.290039,3822.370117,3777.469971,3783.659912,3783.659912,20349100
02/06/2022,3761.189941,3799.179932,3761.189941,3795.129883,3795.129883,18420000
01/06/2022,3800.100098,3813.040039,3755.060059,3759.540039,3759.540039,29497900
31/05/2022,3833.030029,3833.72998,3780.409912,3789.209961,3789.209961,53942600
30/05/2022,3817.709961,3852.679932,3817.709961,3841.620117,3841.620117,25414500
27/05/2022,3744.629883,3808.860107,3744.629883,3808.860107,3808.860107,27506100
25/05/2022,3652.389893,3690.820068,3633.780029,3677.100098,3677.100098,32818300
24/05/2022,3700.120117,3700.120117,3645.51001,3647.560059,3647.560059,31888600
23/05/2022,3669.530029,3708.389893,3653.139893,3708.389893,3708.389893,31080500
20/05/2022,3650.090088,3710.669922,3645.77002,3657.030029,3657.030029,37523800
19/05/2022,3662.530029,3662.530029,3592.01001,3633.330078,3633.330078,32438400
18/05/2022,3745.23999,3752.290039,3684.360107,3690.73999,3690.73999,27470800
17/05/2022,3696.01001,3752.139893,3696.01001,3741.51001,3741.51001,29254100
16/05/2022,3695.780029,3705.22998,3660.189941,3685.340088,3685.340088,25624100
13/05/2022,3628.25,3703.419922,3628.25,3703.419922,3703.419922,30820400
12/05/2022,3617.709961,3637.620117,3544.560059,3613.429932,3613.429932,37608100
11/05/2022,3575.159912,3647.870117,3553.719971,3647.870117,3647.870117,40397400
10/05/2022,3537.659912,3611.080078,3537.659912,3554.800049,3554.800049,36975300
09/05/2022,3618.449951,3628.25,3526.860107,3526.860107,3526.860107,34328300
06/05/2022,3678.850098,3678.850098,3602.77002,3629.169922,3629.169922,47206400
05/05/2022,3744.909912,3814.110107,3684.449951,3696.629883,3696.629883,41075500
04/05/2022,3758.439941,3767.659912,3724.949951,3724.98999,3724.98999,26726600
03/05/2022,3738.48999,3773.300049,3727.52002,3761.189941,3761.189941,31995200
02/05/2022,3772.909912,3772.909912,3692.820068,3732.439941,3732.439941,29907400
29/04/2022,3785.580078,3833.889893,3785.580078,3802.860107,3802.860107,35628500
28/04/2022,3750.209961,3809.23999,3731.949951,3777.02002,3777.02002,34553600
27/04/2022,3719.350098,3748.969971,3675.540039,3734.639893,3734.639893,44556600
26/04/2022,3769.659912,3804.959961,3717.97998,3721.360107,3721.360107,43591400
25/04/2022,3826.959961,3826.959961,3739.669922,3757.590088,3757.590088,34942000
22/04/2022,3905.800049,3905.800049,3838.189941,3840.01001,3840.01001,36305200
21/04/2022,3901.330078,3954.300049,3897.459961,3928.030029,3928.030029,28253800
20/04/2022,3835.159912,3905.75,3833.459961,3896.810059,3896.810059,33043600
19/04/2022,3842.070068,3848.629883,3793.469971,3830.76001,3830.76001,27117700
14/04/2022,3834.330078,3859.590088,3823.850098,3848.679932,3848.679932,31407300
13/04/2022,3827.469971,3833.97998,3788.870117,3827.959961,3827.959961,27163700
12/04/2022,3818.76001,3853.22998,3763.320068,3831.469971,3831.469971,33593000
11/04/2022,3845.699951,3870.060059,3813.159912,3839.620117,3839.620117,28850700
08/04/2022,3812.080078,3872.590088,3812.080078,3858.370117,3858.370117,32208000
07/04/2022,3836.459961,3874.290039,3797.600098,3802.01001,3802.01001,34691100
06/04/2022,3915.530029,3915.530029,3792.560059,3824.689941,3824.689941,46123100
05/04/2022,3952.580078,3969.040039,3896.620117,3917.850098,3917.850098,33315200
04/04/2022,3925.27002,3956.590088,3891,3951.120117,3951.120117,26730400
01/04/2022,3906.570068,3935.72998,3895.699951,3918.679932,3918.679932,28145300
31/03/2022,3964.01001,3979.699951,3902.52002,3902.52002,3902.52002,35964000
30/03/2022,3997.459961,3997.459961,3942.810059,3959.139893,3959.139893,34135500
29/03/2022,3906.469971,4024.889893,3906.469971,4002.179932,4002.179932,50862600
28/03/2022,3870.330078,3946.780029,3870.330078,3887.100098,3887.100098,33829800
25/03/2022,3871.340088,3903.939941,3853.350098,3867.72998,3867.72998,28929500
24/03/2022,3874.320068,3892.909912,3845.439941,3863.389893,3863.389893,31635100
23/03/2022,3934.129883,3937.810059,3853.540039,3869.219971,3869.219971,34113400
22/03/2022,3886.26001,3935.449951,3886.26001,3926.120117,3926.120117,32175200
21/03/2022,3900.840088,3914.080078,3877.590088,3881.800049,3881.800049,30428700
18/03/2022,3886.48999,3902.439941,3824.02002,3902.439941,3902.439941,63142100
17/03/2022,3901.699951,3913.719971,3843.100098,3885.320068,3885.320068,47894200
16/03/2022,3766.790039,3929.959961,3766.790039,3889.689941,3889.689941,64059900
15/03/2022,3723.22998,3753.26001,3641.5,3738.110107,3738.110107,43611100
14/03/2022,3694.76001,3789.580078,3694.76001,3741.100098,3741.100098,41810600
11/03/2022,3657.370117,3801.47998,3630.280029,3686.780029,3686.780029,56506500
10/03/2022,3764.639893,3764.639893,3627.129883,3651.389893,3651.389893,61005800
09/03/2022,3548.48999,3766.02002,3548.48999,3766.02002,3766.02002,75625000
08/03/2022,3489.159912,3610.949951,3469.199951,3505.290039,3505.290039,71843700
07/03/2022,3529.570068,3599.929932,3387,3512.219971,3512.219971,82263800
04/03/2022,3723.969971,3723.969971,3556.01001,3556.01001,3556.01001,74416700
03/03/2022,3819.139893,3841.919922,3731.350098,3741.780029,3741.780029,50887800
02/03/2022,3755.27002,3849.719971,3720.719971,3820.590088,3820.590088,67451800
01/03/2022,3920.030029,3923.75,3765.850098,3765.850098,3765.850098,71926900
28/02/2022,3940.98999,3940.98999,3825.080078,3924.22998,3924.22998,77052100
25/02/2022,3836.850098,3970.830078,3829.280029,3970.689941,3970.689941,66184900
24/02/2022,3939.51001,3939.51001,3765.419922,3829.290039,3829.290039,88823100
23/02/2022,3991.659912,4054.169922,3962.790039,3973.409912,3973.409912,32529000
22/02/2022,3960.199951,4016.459961,3894.98999,3985.469971,3985.469971,43502500
18/02/2022,4107.720215,4128.72998,4054.719971,4074.280029,4074.280029,32432200
17/02/2022,4139.879883,4158.439941,4092.790039,4113.189941,4113.189941,32105300
16/02/2022,4149.560059,4180.319824,4117.169922,4137.220215,4137.220215,31014500
15/02/2022,4059.25,4143.709961,4043.570068,4143.709961,4143.709961,38905400
14/02/2022,4125.310059,4125.310059,4002.909912,4064.449951,4064.449951,53341700
11/02/2022,4170.72998,4177.910156,4133.350098,4155.22998,4155.22998,39788800
10/02/2022,4208.200195,4239.609863,4169.839844,4197.069824,4197.069824,46945200
09/02/2022,4140.410156,4208.759766,4140.410156,4204.089844,4204.089844,45881400
08/02/2022,4117.209961,4156.169922,4103.629883,4129.25,4129.25,39831700
07/02/2022,4101.890137,4131.839844,4074.860107,4120.560059,4120.560059,38510200
04/02/2022,4154.75,4167.870117,4067.51001,4086.580078,4086.580078,47412800
03/02/2022,4215.410156,4215.410156,4141.02002,4141.02002,4141.02002,47345600
02/02/2022,4242.740234,4259.279785,4222.049805,4222.049805,4222.049805,37636600
01/02/2022,4184.629883,4232.439941,4184.629883,4224.450195,4224.450195,33003900
31/01/2022,4161.77002,4200.830078,4134.069824,4174.600098,4174.600098,39621200
28/01/2022,4174.569824,4181.22998,4071.709961,4136.910156,4136.910156,35332400
27/01/2022,4144.779785,4204.859863,4088.909912,4184.970215,4184.970215,42382400
26/01/2022,4096.509766,4188.169922,4096.509766,4164.600098,4164.600098,36434800
25/01/2022,4078.810059,4112.25,4039.52002,4078.26001,4078.26001,33488900
24/01/2022,4213.830078,4224.470215,4035.280029,4054.360107,4054.360107,45808100
21/01/2022,4278.180176,4278.180176,4188.930176,4229.560059,4229.560059,43750100
20/01/2022,4271.25,4300.640137,4248.009766,4299.609863,4299.609863,31731200
19/01/2022,4249.399902,4302.169922,4234.620117,4268.279785,4268.279785,34560000
18/01/2022,4293.580078,4293.580078,4234.290039,4257.819824,4257.819824,29766200
14/01/2022,4307.47998,4307.47998,4256.609863,4272.189941,4272.189941,34933600
13/01/2022,4319.259766,4335.490234,4294.990234,4315.899902,4315.899902,31408300
12/01/2022,4306.25,4328.759766,4289,4316.390137,4316.390137,39871000
11/01/2022,4251.799805,4303.169922,4251.799805,4281.540039,4281.540039,26401700
10/01/2022,4312.129883,4324.640137,4231.060059,4239.52002,4239.52002,31296700
07/01/2022,4331.069824,4335.720215,4279.709961,4305.830078,4305.830078,31689000
06/01/2022,4372.450195,4372.450195,4304.540039,4324.810059,4324.810059,32675500
05/01/2022,4368.779785,4395.779785,4367.029785,4392.149902,4392.149902,29744700
04/01/2022,4346.450195,4390.589844,4342.25,4367.620117,4367.620117,32585300
03/01/2022,4303.939941,4348.660156,4303.939941,4331.819824,4331.819824,25841400
30/12/2021,4286.629883,4309.540039,4285.290039,4306.069824,4306.069824,18578400
29/12/2021,4311.129883,4312.450195,4271.370117,4284.830078,4284.830078,16659800
28/12/2021,4290.540039,4319.689941,4287.109863,4311.930176,4311.930176,16909200
27/12/2021,4249.899902,4293.890137,4240.490234,4287.97998,4287.97998,13904700
23/12/2021,4221.899902,4270.290039,4221.899902,4265.859863,4265.859863,20498000
22/12/2021,4180.890137,4217.060059,4167.890137,4217.060059,4217.060059,19256600
21/12/2021,4120.47998,4174.990234,4120.47998,4174.990234,4174.990234,23844700
20/12/2021,4140.330078,4140.330078,4046.689941,4107.129883,4107.129883,30146400
17/12/2021,4195.939941,4195.939941,4130.359863,4161.350098,4161.350098,59792700
16/12/2021,4198.25,4250.899902,4198.25,4201.870117,4201.870117,35425700
15/12/2021,4147.160156,4176.140137,4147.160156,4159.680176,4159.680176,25819200
14/12/2021,4198.899902,4210.52002,4143.5,4144.509766,4144.509766,28737700
13/12/2021,4206.450195,4241.120117,4176.970215,4183.040039,4183.040039,24169200
10/12/2021,4198.180176,4221.569824,4178.660156,4199.160156,4199.160156,25370900
09/12/2021,4242.660156,4246.52002,4201.850098,4208.299805,4208.299805,26129200
08/12/2021,4273.319824,4288.200195,4233.089844,4233.089844,4233.089844,32546900
07/12/2021,4157.720215,4277.029785,4157.720215,4276.200195,4276.200195,34420800
06/12/2021,4095.389893,4146.160156,4078.639893,4137.109863,4137.109863,30033400
03/12/2021,4118.97998,4150.419922,4059.02002,4080.149902,4080.149902,33308500
02/12/2021,4157.700195,4157.700195,4086.820068,4108.02002,4108.02002,36900400
01/12/2021,4080.850098,4187.859863,4080.850098,4179.149902,4179.149902,37478200
30/11/2021,4089.51001,4110.959961,4027.429932,4063.060059,4063.060059,67918500
29/11/2021,4117.790039,4154.149902,4097.97998,4109.509766,4109.509766,42566100
26/11/2021,4213.930176,4213.930176,4086.659912,4089.580078,4089.580078,66887000
24/11/2021,4284.600098,4305.490234,4240.779785,4276.25,4276.25,32984600
23/11/2021,4320.410156,4328.47998,4267.22998,4283.819824,4283.819824,31499500
22/11/2021,4361.950195,4371.600098,4336.169922,4338.689941,4338.689941,35014300
19/11/2021,4385.660156,4401.919922,4333.859863,4356.470215,4356.470215,53668100
18/11/2021,4400.72998,4415.22998,4377.72998,4383.700195,4383.700195,30449200
17/11/2021,4399.25,4409.240234,4399.25,4400.810059,4400.810059,21946300
16/11/2021,4393.799805,4406.459961,4389.52002,4401.490234,4401.490234,23199400
15/11/2021,4364.52002,4386.189941,4364.52002,4386.189941,4386.189941,22953300
12/11/2021,4357.899902,4372.319824,4352.430176,4370.330078,4370.330078,21906700
11/11/2021,4347.259766,4358.799805,4334.930176,4358,4358,21881800
10/11/2021,4349.799805,4358.459961,4330.290039,4348.819824,4348.819824,26208000
09/11/2021,4346.620117,4364.040039,4337.660156,4344.629883,4344.629883,24140500
08/11/2021,4359.740234,4366.540039,4352.450195,4352.529785,4352.529785,24731400
05/11/2021,4330.140137,4375.040039,4330.140137,4363.040039,4363.040039,31450400
04/11/2021,4314.509766,4340.810059,4314.509766,4333.339844,4333.339844,37958100
03/11/2021,4292.589844,4309.660156,4291.100098,4309.609863,4309.609863,28690300
02/11/2021,4276.720215,4297.450195,4273.100098,4296.220215,4296.220215,24980200
01/11/2021,4256.930176,4291.810059,4256.930176,4280.470215,4280.470215,28152400
29/10/2021,4228.72998,4250.680176,4187.810059,4250.560059,4250.560059,35857400
28/10/2021,4220.740234,4236.200195,4213.169922,4233.870117,4233.870117,29454600
27/10/2021,4220.740234,4226.990234,4205.419922,4220.879883,4220.879883,30330600
26/10/2021,4187.549805,4230.879883,4187.549805,4223.970215,4223.970215,26048800
25/10/2021,4194.839844,4198.970215,4185.140137,4188.310059,4188.310059,25371300
22/10/2021,4158.439941,4203.669922,4158.439941,4188.810059,4188.810059,23223000
21/10/2021,4163.620117,4166.5,4140.060059,4155.72998,4155.72998,23622000
20/10/2021,4164.5,4178.950195,4143.830078,4172.169922,4172.169922,26139300
19/10/2021,4159.220215,4169.609863,4151.439941,4166.830078,4166.830078,29474200
18/10/2021,4177.72998,4177.72998,4131.410156,4151.399902,4151.399902,32046900
15/10/2021,4160.040039,4186.609863,4159.069824,4182.910156,4182.910156,52844100
14/10/2021,4088.139893,4151.759766,4088.139893,4149.060059,4149.060059,34747300
13/10/2021,4052.47998,4092.72998,4040.310059,4083.280029,4083.280029,30575100
12/10/2021,4058.540039,4063.47998,4019.550049,4055.090088,4055.090088,27490700
11/10/2021,4071.149902,4076.800049,4043.780029,4072.52002,4072.52002,28502200
08/10/2021,4097.120117,4101.959961,4073.290039,4073.290039,4073.290039,30081000
07/10/2021,4037.47998,4099.390137,4037.47998,4098.339844,4098.339844,44367100
06/10/2021,4049.639893,4049.639893,3965.870117,4012.649902,4012.649902,45053800
05/10/2021,4002.610107,4066.639893,4001.419922,4065.429932,4065.429932,43061600
04/10/2021,4026.699951,4037.350098,3993.870117,3996.409912,3996.409912,26074700
01/10/2021,4037.159912,4055.01001,3981.810059,4035.300049,4035.300049,34489200
30/09/2021,4089.159912,4116.350098,4048.080078,4048.080078,4048.080078,39716900
29/09/2021,4070.449951,4108.220215,4070.449951,4080.219971,4080.219971,28452300
28/09/2021,4160.470215,4160.470215,4056.169922,4058.820068,4058.820068,42079300
27/09/2021,4164.629883,4196.069824,4159.600098,4165.47998,4165.47998,38017500
24/09/2021,4188.430176,4188.430176,4149.939941,4158.509766,4158.509766,26615400
23/09/2021,4158.209961,4206.109863,4158.209961,4194.919922,4194.919922,34075700
22/09/2021,4104.430176,4150.189941,4104.430176,4150.189941,4150.189941,32150600
21/09/2021,4049.689941,4106.759766,4049.689941,4097.509766,4097.509766,36490700
20/09/2021,4102.189941,4102.189941,4011.48999,4043.629883,4043.629883,50987600
17/09/2021,4180.279785,4213.72998,4119.27002,4130.839844,4130.839844,69032400
16/09/2021,4151.629883,4190.169922,4151.629883,4169.870117,4169.870117,33372200
15/09/2021,4188.919922,4196.600098,4145.939941,4145.939941,4145.939941,33864000
14/09/2021,4188.350098,4202.439941,4163.950195,4191.669922,4191.669922,26396800
13/09/2021,4174.669922,4210.620117,4174.669922,4189.529785,4189.529785,25543800
10/09/2021,4184.049805,4205.220215,4161.089844,4170.350098,4170.350098,23727900
09/09/2021,4171.459961,4194.589844,4134.799805,4177.109863,4177.109863,23634700
08/09/2021,4219.819824,4219.819824,4160.370117,4177.149902,4177.149902,28205800
07/09/2021,4244.399902,4245.759766,4219.859863,4225.009766,4225.009766,19617700
03/09/2021,4234.259766,4234.259766,4182.959961,4201.97998,4201.97998,22430000
02/09/2021,4225.029785,4239.02002,4219.419922,4232.100098,4232.100098,18496400
01/09/2021,4207,4251.390137,4207,4227.27002,4227.27002,28014200
31/08/2021,4201.77002,4222.620117,4175.319824,4196.410156,4196.410156,32956600
30/08/2021,4191.990234,4202.870117,4191.790039,4198.799805,4198.799805,11036000
27/08/2021,4167.390137,4192.089844,4160.470215,4190.97998,4190.97998,14670600
26/08/2021,4172.319824,4176.279785,4141.330078,4169.870117,4169.870117,20147000
25/08/2021,4178.169922,4188.22998,4178.169922,4181.120117,4181.120117,17482400
24/08/2021,4182.680176,4197.669922,4163.689941,4178.080078,4178.080078,17977500
23/08/2021,4160.759766,4184.029785,4157.490234,4176.419922,4176.419922,20011300
20/08/2021,4125.299805,4150.660156,4105.990234,4147.5,4147.5,22116000
19/08/2021,4183.740234,4183.740234,4082.070068,4124.709961,4124.709961,31924300
18/08/2021,4197.319824,4199.5,4179.580078,4189.419922,4189.419922,22129400
17/08/2021,4197.850098,4202.02002,4172.669922,4196.399902,4196.399902,28102900
16/08/2021,4219.790039,4219.790039,4188.970215,4202.439941,4202.439941,20108600
13/08/2021,4225.72998,4242.259766,4223.490234,4229.700195,4229.700195,18086900
12/08/2021,4205.740234,4232.220215,4204.120117,4226.330078,4226.330078,20472100
11/08/2021,4189.629883,4219.060059,4184.870117,4206.330078,4206.330078,23519200
10/08/2021,4178.589844,4197.120117,4178.589844,4187.819824,4187.819824,16678300
09/08/2021,4175.569824,4186.049805,4170.950195,4177.149902,4177.149902,18159400
06/08/2021,4159.040039,4183.919922,4155.160156,4174.540039,4174.540039,28549500
05/08/2021,4141.299805,4166.140137,4141.299805,4161.080078,4161.080078,22244000
04/08/2021,4124.330078,4150.089844,4124.330078,4144.899902,4144.899902,23473300
03/08/2021,4114.52002,4129.209961,4102.129883,4117.950195,4117.950195,21789200
02/08/2021,4095.5,4135.680176,4095.5,4116.620117,4116.620117,22391100
30/07/2021,4113.109863,4114.279785,4078.330078,4089.300049,4089.300049,30295500
29/07/2021,4104.97998,4128.810059,4104.97998,4116.77002,4116.77002,22534200
28/07/2021,4067.840088,4103.450195,4065.25,4103.029785,4103.029785,21437300
27/07/2021,4099.799805,4099.799805,4056.22998,4064.830078,4064.830078,22912400
26/07/2021,4103.5,4106.399902,4072.860107,4102.589844,4102.589844,25844200
23/07/2021,4066.699951,4111.430176,4066.699951,4109.100098,4109.100098,21702700
22/07/2021,4037.939941,4078.580078,4037.939941,4059.050049,4059.050049,22556300
21/07/2021,3973.899902,4029.090088,3973.899902,4026.679932,4026.679932,28961700
20/07/2021,3937.399902,3979.280029,3920.929932,3956.340088,3956.340088,28529200
19/07/2021,4018.909912,4018.909912,3904.780029,3928.530029,3928.530029,37554400
16/07/2021,4060.219971,4072.580078,4014.580078,4035.77002,4035.77002,24114500
15/07/2021,4096,4096,4046.040039,4056.389893,4056.389893,22665700
14/07/2021,4088.100098,4104.830078,4077.139893,4099.5,4099.5,0
13/07/2021,4094.26001,4100.810059,4084.780029,4094.560059,4094.560059,23209800
12/07/2021,4068.639893,4098.759766,4046.110107,4093.379883,4093.379883,18349400
09/07/2021,3996.719971,4068.139893,3996.719971,4068.090088,4068.090088,26168200
08/07/2021,4070.73999,4070.73999,3961.97998,3991.659912,3991.659912,39132300
07/07/2021,4055.639893,4083.110107,4055.639893,4078.530029,4078.530029,24348900
06/07/2021,4087.5,4087.5,4038.77002,4052.669922,4052.669922,23456700
02/07/2021,4082.699951,4099.990234,4076.22998,4084.310059,4084.310059,18773900
01/07/2021,4068.199951,4113.580078,4049.600098,4078.889893,4078.889893,22439000
30/06/2021,4104.75,4111.97998,4048.050049,4064.300049,4064.300049,30687000
29/06/2021,4092.300049,4124.330078,4090.290039,4107.509766,4107.509766,20700500
28/06/2021,4119.870117,4125.72998,4089,4089.909912,4089.909912,18089700
25/06/2021,4123.939941,4127.450195,4105.759766,4120.660156,4120.660156,20992600
24/06/2021,4083.050049,4126.410156,4083.050049,4122.430176,4122.430176,22803800
23/06/2021,4126.100098,4133.97998,4075.939941,4075.939941,4075.939941,20789500
22/06/2021,4112.339844,4128.399902,4093.469971,4123.129883,4123.129883,21209500
21/06/2021,4079.419922,4114.189941,4049.600098,4112.330078,4112.330078,25928900
18/06/2021,4155.779785,4165.589844,4078.76001,4083.370117,4083.370117,65764800
17/06/2021,4144.910156,4164.580078,4131.419922,4158.140137,4158.140137,30558000
16/06/2021,4145.5,4156.810059,4138.75,4151.759766,4151.759766,25245000
15/06/2021,4144.799805,4158.359863,4143.52002,4143.52002,4143.52002,21048300
14/06/2021,4134.790039,4155.240234,4127.939941,4132.669922,4132.669922,21482000
11/06/2021,4098.040039,4128.990234,4097.990234,4126.700195,4126.700195,21152700
10/06/2021,4099.069824,4109.200195,4080.149902,4096.069824,4096.069824,25788700
09/06/2021,4095.139893,4102.060059,4078.159912,4096.850098,4096.850098,18185000
08/06/2021,4098.629883,4115.620117,4092.76001,4096.009766,4096.009766,24823900
07/06/2021,4089.27002,4107.029785,4069.52002,4097.649902,4097.649902,23910700
04/06/2021,4079.290039,4091.949951,4070.350098,4089.379883,4089.379883,23525900
03/06/2021,4088.949951,4088.949951,4051.810059,4079.23999,4079.23999,23186200
02/06/2021,4072.100098,4088.52002,4064.070068,4088.5,4088.5,23880600
01/06/2021,4044.070068,4101.259766,4044.070068,4071.75,4071.75,25122300
28/05/2021,4042.370117,4075.870117,4042.370117,4070.560059,4070.560059,22778200
27/05/2021,4028.75,4056.790039,4019.850098,4039.209961,4039.209961,45813400
26/05/2021,4039.570068,4054.139893,4022.050049,4031.669922,4031.669922,25921600
25/05/2021,4042.48999,4056.949951,4036.040039,4036.040039,4036.040039,24819400
21/05/2021,4001.530029,4032.969971,3999.110107,4025.780029,4025.780029,31686500
20/05/2021,3948.629883,3999.909912,3936.790039,3999.909912,3999.909912,25602600
19/05/2021,3995.699951,3995.699951,3892.719971,3936.73999,3936.73999,32610000
18/05/2021,4014.679932,4043.209961,3996.75,4005.340088,4005.340088,28234500
17/05/2021,4018.159912,4032.110107,3993.879883,4006.840088,4006.840088,25369600
14/05/2021,3970.76001,4017.439941,3961.100098,4017.439941,4017.439941,26881300
12/05/2021,3947.649902,3964.800049,3925.850098,3947.429932,3947.429932,34878300
11/05/2021,4020.48999,4020.48999,3917.639893,3946.060059,3946.060059,34990600
10/05/2021,4031.98999,4035.659912,4014.669922,4023.350098,4023.350098,29530900
07/05/2021,3999.929932,4034.25,3999.929932,4034.25,4034.25,27533900
06/05/2021,3997.699951,4022.73999,3974.820068,3999.439941,3999.439941,34946400
05/05/2021,3927.290039,4003.090088,3927.290039,4002.790039,4002.790039,30131400
04/05/2021,4001.129883,4018.139893,3919.459961,3924.800049,3924.800049,35163600
03/05/2021,3979.5,4009.72998,3965.5,4000.25,4000.25,20815100
30/04/2021,3993.189941,4004.840088,3974.719971,3974.73999,3974.73999,28081300
29/04/2021,4021.439941,4033.870117,3985.25,3996.899902,3996.899902,34482600
28/04/2021,4011.02002,4026.73999,4006.340088,4015.030029,4015.030029,28225100
27/04/2021,4017.919922,4019.209961,4001.23999,4011.909912,4011.909912,27504300
26/04/2021,4013.070068,4026.330078,4004.530029,4020.830078,4020.830078,25159000
23/04/2021,4011.100098,4016.820068,3981.870117,4013.340088,4013.340088,19471300
22/04/2021,3979.580078,4017.189941,3979.580078,4014.800049,4014.800049,20988200
21/04/2021,3943.189941,3985.310059,3943.189941,3976.409912,3976.409912,27397700
20/04/2021,4014.01001,4018.659912,3935.830078,3940.459961,3940.459961,33916600
19/04/2021,4033.590088,4040.879883,4017.699951,4019.909912,4019.909912,23393900
16/04/2021,3992.560059,4037.610107,3991.199951,4032.98999,4032.98999,36668500
15/04/2021,3978.389893,3997.689941,3978.389893,3993.429932,3993.429932,23965400
14/04/2021,3973.330078,3982.080078,3968.679932,3976.280029,3976.280029,23439500
13/04/2021,3964.909912,3980.570068,3953.26001,3966.98999,3966.98999,24474700
12/04/2021,3978.540039,3980.52002,3961.899902,3961.899902,3961.899902,19441500
09/04/2021,3978.840088,3987.72998,3970.409912,3978.840088,3978.840088,21456100
08/04/2021,3961,3977.919922,3961,3977.830078,3977.830078,28520500
07/04/2021,3965.860107,3971.889893,3952.120117,3956.77002,3956.77002,22480200
06/04/2021,3950.179932,3988.100098,3950.179932,3970.419922,3970.419922,31219800
01/04/2021,3922.360107,3948.98999,3922.360107,3945.959961,3945.959961,20590100
31/03/2021,3923.919922,3925.969971,3910.899902,3919.209961,3919.209961,29086600
30/03/2021,3885.110107,3929.48999,3885.110107,3926.199951,3926.199951,28353300
29/03/2021,3871.820068,3890.199951,3867.25,3882.870117,3882.870117,22652500
26/03/2021,3841.459961,3871.879883,3841.459961,3866.679932,3866.679932,24742600
25/03/2021,3822.590088,3832.570068,3784.090088,3832.570068,3832.570068,24354600
24/03/2021,3820.780029,3833.659912,3803.840088,3832.550049,3832.550049,27168000
23/03/2021,3827.540039,3842.370117,3804.899902,3827.02002,3827.02002,27885100
22/03/2021,3828.659912,3841.48999,3811.800049,3833.840088,3833.840088,26109800
19/03/2021,3851.610107,3861.649902,3819.379883,3837.02002,3837.02002,86400200
18/03/2021,3856.76001,3874.909912,3852.25,3867.540039,3867.540039,48265500
17/03/2021,3846.580078,3853.659912,3838.429932,3849.73999,3849.73999,336000
16/03/2021,3842.330078,3856.780029,3838.219971,3850.959961,3850.959961,371200
15/03/2021,3840.850098,3857.070068,3818.199951,3829.840088,3829.840088,32094800
12/03/2021,3840.72998,3840.72998,3818.25,3833.360107,3833.360107,27642900
11/03/2021,3827.179932,3846.51001,3827.179932,3845.639893,3845.639893,36672200
10/03/2021,3780.26001,3822.659912,3780,3819.919922,3819.919922,34473700
09/03/2021,3759.26001,3795.629883,3754.620117,3786.050049,3786.050049,43297100
08/03/2021,3679.350098,3767.449951,3679.350098,3763.23999,3763.23999,47410500
05/03/2021,3689.409912,3714.26001,3656.209961,3669.540039,3669.540039,45455700
04/03/2021,3702.370117,3716.310059,3680.830078,3704.850098,3704.850098,37058700
03/03/2021,3711.389893,3742.5,3687.449951,3712.780029,3712.780029,43726800
02/03/2021,3702.800049,3728.469971,3689.820068,3707.719971,3707.719971,29652600
01/03/2021,3658.120117,3711.52002,3658.120117,3706.620117,3706.620117,31518300
26/02/2021,3665.889893,3676.590088,3622.23999,3636.439941,3636.439941,45996600
25/02/2021,3716.669922,3728.649902,3685.280029,3685.280029,3685.280029,48968200
24/02/2021,3684.669922,3712.659912,3681.659912,3705.98999,3705.98999,33989500
23/02/2021,3698.23999,3708.110107,3643.330078,3689.100098,3689.100098,39946600
22/02/2021,3706.070068,3707.419922,3660.899902,3699.850098,3699.850098,30542000
19/02/2021,3683.379883,3718.98999,3681.449951,3713.459961,3713.459961,39007400
18/02/2021,3700.98999,3711.379883,3672.800049,3681.040039,3681.040039,31640800
17/02/2021,3720.26001,3726.350098,3696.120117,3699.850098,3699.850098,35999700
16/02/2021,3735.530029,3740.560059,3718.659912,3726.399902,3726.399902,28606200
12/02/2021,3669.040039,3696.189941,3649.110107,3695.610107,3695.610107,30955700
11/02/2021,3654.340088,3673.389893,3648.409912,3671.679932,3671.679932,29117700
10/02/2021,3672.120117,3677.159912,3628.469971,3648.370117,3648.370117,32370100
09/02/2021,3669.540039,3670.800049,3649.5,3661.129883,3661.129883,31713900
08/02/2021,3665.77002,3681.820068,3661.879883,3665.51001,3665.51001,44042800
05/02/2021,3642.689941,3668.399902,3642.280029,3655.77002,3655.77002,56119600
04/02/2021,3604.620117,3644.639893,3604.620117,3642.120117,3642.120117,47389500
03/02/2021,3599.76001,3632.669922,3599.360107,3609.75,3609.75,56215100
02/02/2021,3545.090088,3596.199951,3545.090088,3590.459961,3590.459961,39362600
01/02/2021,3492.860107,3543.179932,3492.860107,3530.850098,3530.850098,30791900
29/01/2021,3538.629883,3538.629883,3481.439941,3481.439941,3481.439941,50208600
28/01/2021,3519.110107,3567.060059,3473.76001,3557.040039,3557.040039,63592600
27/01/2021,3593.189941,3593.189941,3502.73999,3536.379883,3536.379883,52940000
26/01/2021,3551.209961,3607.419922,3551.209961,3592.830078,3592.830078,43380300
25/01/2021,3614.719971,3621.48999,3540.25,3553.139893,3553.139893,42055600
22/01/2021,3611.429932,3611.429932,3570.679932,3602.409912,3602.409912,32662800
21/01/2021,3637.860107,3649.72998,3616.5,3618.350098,3618.350098,28630500
20/01/2021,3603.800049,3630.439941,3603.570068,3624.040039,3624.040039,27547400
19/01/2021,3618.030029,3623.26001,3591.72998,3595.419922,3595.419922,25092300
15/01/2021,3633.409912,3633.459961,3573.600098,3599.550049,3599.550049,39021900
14/01/2021,3619.300049,3647.320068,3619.300049,3641.370117,3641.370117,35167600
13/01/2021,3615.02002,3624.189941,3599.48999,3616.51001,3616.51001,27858200
12/01/2021,3622.370117,3633.679932,3600.060059,3612.129883,3612.129883,33480900
11/01/2021,3636.669922,3641.73999,3595.110107,3620.620117,3620.620117,30540000
08/01/2021,3632.139893,3657.830078,3630.709961,3645.050049,3645.050049,33364700
07/01/2021,3621.159912,3635.639893,3604.129883,3622.419922,3622.419922,36856200
06/01/2021,3559.810059,3620.570068,3547.449951,3611.080078,3611.080078,50984300
05/01/2021,3554.23999,3574.97998,3524.629883,3547.850098,3547.850098,31896700
04/01/2021,3565.679932,3609.909912,3548.310059,3564.389893,3564.389893,31524100
30/12/2020,3580.909912,3591.25,3569.620117,3571.590088,3571.590088,16178100
29/12/2020,3580.449951,3603.169922,3576.76001,3581.370117,3581.370117,18324600
28/12/2020,3554.129883,3583.209961,3554.129883,3575.409912,3575.409912,19599700
23/12/2020,3502.429932,3544.550049,3502.429932,3539.26001,3539.26001,25529100
22/12/2020,3455.939941,3503.030029,3455.939941,3497.48999,3497.48999,26354300
21/12/2020,3516.659912,3516.659912,3401.139893,3448.679932,3448.679932,50408100
18/12/2020,3556.149902,3586.439941,3544.77002,3545.73999,3545.73999,69147500
17/12/2020,3550.370117,3573.449951,3550.370117,3560.870117,3560.870117,32518600
16/12/2020,3524.120117,3560.709961,3523.929932,3543,3543,38833500
15/12/2020,3503.379883,3528.830078,3497.469971,3521.5,3521.5,32146400
14/12/2020,3497.840088,3531.949951,3497.840088,3503.959961,3503.959961,32494200
11/12/2020,3515.830078,3515.830078,3461.469971,3485.840088,3485.840088,35371700
10/12/2020,3529.040039,3541.23999,3498.959961,3522.310059,3522.310059,38432300
09/12/2020,3532.040039,3557.389893,3527.419922,3529.02002,3529.02002,31808900
08/12/2020,3522.98999,3531.689941,3503.280029,3525.870117,3525.870117,25582800
07/12/2020,3536.050049,3536.050049,3499.139893,3530.080078,3530.080078,32036800
04/12/2020,3516.179932,3540.689941,3516.179932,3539.27002,3539.27002,46292000
03/12/2020,3520.530029,3523.600098,3502.649902,3517.100098,3517.100098,34857500
02/12/2020,3515.639893,3523.300049,3502.100098,3521.320068,3521.320068,41426400
01/12/2020,3499.280029,3532.909912,3499.280029,3525.23999,3525.23999,41995600
30/11/2020,3518.909912,3538.52002,3492.540039,3492.540039,3492.540039,53483100
27/11/2020,3509.790039,3536.459961,3507.969971,3527.790039,3527.790039,44686100
25/11/2020,3513.77002,3520.73999,3494.070068,3511.899902,3511.899902,48980900
24/11/2020,3476.610107,3510.620117,3476.610107,3507.97998,3507.97998,52932600
23/11/2020,3480.590088,3506.23999,3463.040039,3463.040039,3463.040039,36743100
20/11/2020,3447.959961,3484.290039,3442.810059,3467.600098,3467.600098,37867200
19/11/2020,3466.669922,3466.669922,3440.219971,3451.969971,3451.969971,38187600
18/11/2020,3463.969971,3489.310059,3451.889893,3482.169922,3482.169922,41195400
17/11/2020,3461.540039,3471.899902,3442.699951,3468.47998,3468.47998,40480000
16/11/2020,3447.860107,3497.100098,3440.050049,3466.209961,3466.209961,55798900
13/11/2020,3423.629883,3457.590088,3416.179932,3432.070068,3432.070068,41525000
12/11/2020,3453.360107,3457.709961,3421.959961,3428.199951,3428.199951,45823200
11/11/2020,3444.570068,3473.820068,3433.26001,3467.300049,3467.300049,51670000
10/11/2020,3405.48999,3460.080078,3396.399902,3442.620117,3442.620117,98233400
09/11/2020,3217.399902,3442.120117,3217.399902,3407.909912,3407.909912,106006300
06/11/2020,3210.370117,3224.48999,3168.969971,3204.050049,3204.050049,38532500
05/11/2020,3167.780029,3222.51001,3167.780029,3215.560059,3215.560059,46046100
04/11/2020,3083.790039,3164.560059,3043.189941,3161.070068,3161.070068,52144900
03/11/2020,3030.889893,3101.040039,3030.889893,3098.719971,3098.719971,45463700
02/11/2020,2969.370117,3029.850098,2953.919922,3019.540039,3019.540039,38685900
30/10/2020,2950.280029,2972.449951,2928.560059,2958.209961,2958.209961,45697100
29/10/2020,2961.48999,2985.5,2920.870117,2960.030029,2960.030029,55410200
28/10/2020,3058.860107,3058.860107,2932.949951,2963.540039,2963.540039,59924100
27/10/2020,3109.080078,3112.320068,3065.649902,3070.600098,3070.600098,40133600
26/10/2020,3181.949951,3181.949951,3103.790039,3105.25,3105.25,30262900
23/10/2020,3167.959961,3217.959961,3162.370117,3198.860107,3198.860107,28506900
22/10/2020,3180.959961,3185.030029,3135.47998,3171.409912,3171.409912,28351500
21/10/2020,3232.629883,3238.070068,3176.949951,3180.699951,3180.699951,30459900
20/10/2020,3239.75,3250.969971,3223.790039,3227.870117,3227.870117,30353500
19/10/2020,3250.129883,3282.550049,3226.439941,3242.51001,3242.51001,21113800
16/10/2020,3197.290039,3258.929932,3197.290039,3245.469971,3245.469971,38098800
15/10/2020,3269.870117,3269.870117,3174.639893,3192.689941,3192.689941,40918700
14/10/2020,3279.199951,3287.840088,3264.610107,3273.280029,3273.280029,24136500
13/10/2020,3298.629883,3298.629883,3264.73999,3279.189941,3279.189941,27899000
12/10/2020,3276.5,3305.77002,3272.5,3298.120117,3298.120117,24552700
09/10/2020,3256.860107,3276.360107,3254.129883,3273.120117,3273.120117,28062700
08/10/2020,3239.949951,3270.27002,3234.47998,3255.76001,3255.76001,31560600
07/10/2020,3229.929932,3245.620117,3219.330078,3233.429932,3233.429932,30795800
06/10/2020,3223.639893,3251.110107,3201.97998,3233.300049,3233.300049,34419500
05/10/2020,3200.48999,3224.350098,3199.629883,3220.219971,3220.219971,27974800
02/10/2020,3180.830078,3190.929932,3147.280029,3190.929932,3190.929932,29224800
01/10/2020,3207.169922,3224.399902,3178.110107,3194.090088,3194.090088,31975300
30/09/2020,3208.909912,3225.939941,3181.030029,3193.610107,3193.610107,31421800
29/09/2020,3222.320068,3224.830078,3197.100098,3214.300049,3214.300049,26378700
28/09/2020,3144.52002,3227.429932,3144.52002,3223.189941,3223.189941,33765100
25/09/2020,3159.280029,3160.560059,3097.669922,3137.060059,3137.060059,34434700
24/09/2020,3166.02002,3181.129883,3143.610107,3159.639893,3159.639893,36726900
23/09/2020,3170.550049,3223.719971,3170.550049,3180.110107,3180.110107,40764500
22/09/2020,3165.719971,3195.179932,3164.129883,3164.129883,3164.129883,42736000
21/09/2020,3277.419922,3277.419922,3150.610107,3160.949951,3160.949951,67334300
18/09/2020,3315.300049,3326.790039,3283.689941,3283.689941,3283.689941,137350900
17/09/2020,3332.860107,3332.860107,3285.27002,3316.570068,3316.570068,38205500
16/09/2020,3332.120117,3348.77002,3312.189941,3338.840088,3338.840088,39884600
15/09/2020,3318.399902,3344.51001,3307.360107,3332.26001,3332.26001,31133000
14/09/2020,3319.939941,3346.399902,3309.060059,3316.790039,3316.790039,26472800
11/09/2020,3312.780029,3329.090088,3292.419922,3315.810059,3315.810059,36522100
10/09/2020,3326.280029,3337.719971,3300.080078,3312.77002,3312.77002,37190800
09/09/2020,3266.870117,3332.98999,3266.870117,3324.830078,3324.830078,38254800
08/09/2020,3314.850098,3320.379883,3241.610107,3267.370117,3267.370117,40316200
04/09/2020,3294.929932,3328.76001,3234.810059,3260.590088,3260.590088,52021800
03/09/2020,3344.209961,3396.02002,3285.550049,3304.219971,3304.219971,41864100
02/09/2020,3284.300049,3358.110107,3284.300049,3337.77002,3337.77002,39209800
01/09/2020,3279.110107,3311.399902,3245.030029,3277.580078,3277.580078,39439400
31/08/2020,3320.679932,3346.110107,3266.550049,3272.51001,3272.51001,38082400
28/08/2020,3333.189941,3339.73999,3296.26001,3315.540039,3315.540039,34916100
27/08/2020,3357.02002,3359.139893,3326.649902,3331.040039,3331.040039,34252000
26/08/2020,3328.419922,3357.879883,3315.399902,3356.76001,3356.76001,22971400
25/08/2020,3335.01001,3373.469971,3329.709961,3329.709961,3329.709961,33085400
24/08/2020,3269.51001,3338.469971,3269.51001,3331.73999,3331.73999,29471500
21/08/2020,3277.610107,3292.570068,3221.419922,3259.75,3259.75,35550800
20/08/2020,3306.689941,3306.689941,3257.600098,3273.97998,3273.97998,27996100
19/08/2020,3287.080078,3317.840088,3275.51001,3317.620117,3317.620117,21319800
18/08/2020,3301.360107,3333.639893,3276.02002,3289.639893,3289.639893,28149600
17/08/2020,3305.649902,3319.100098,3285.98999,3305.850098,3305.850098,23388300
14/08/2020,3339.330078,3339.330078,3275.909912,3305.050049,3305.050049,30330400
13/08/2020,3358.090088,3368.070068,3336.570068,3342.850098,3342.850098,27817400
12/08/2020,3327.879883,3377.439941,3321.459961,3363.179932,3363.179932,39366300
11/08/2020,3269.909912,3349.76001,3269.909912,3332.120117,3332.120117,43225800
10/08/2020,3259.27002,3276.610107,3239.25,3259.709961,3259.709961,26234200
07/08/2020,3240.52002,3256.919922,3220.050049,3252.649902,3252.649902,37015800
06/08/2020,3264.080078,3286.100098,3223.75,3240.389893,3240.389893,65362700
05/08/2020,3258.320068,3293.169922,3258.320068,3268.379883,3268.379883,41255600
04/08/2020,3253.840088,3278.560059,3230.52002,3254.290039,3254.290039,47676200
03/08/2020,3177.76001,3263.649902,3173.97998,3248.280029,3248.280029,48849300
31/07/2020,3211.209961,3245.969971,3174.320068,3174.320068,3174.320068,55693300
30/07/2020,3300.610107,3300.610107,3174.379883,3208.199951,3208.199951,60167300
29/07/2020,3304.219971,3314.959961,3293.620117,3300.159912,3300.159912,35922800
28/07/2020,3302.679932,3316.820068,3280.669922,3303.560059,3303.560059,31361200
27/07/2020,3308.169922,3317.179932,3292.47998,3302.840088,3302.840088,29102600
24/07/2020,3349.540039,3349.540039,3294.889893,3310.889893,3310.889893,34261300
23/07/2020,3379.570068,3400.919922,3362.340088,3371.73999,3371.73999,35874300
22/07/2020,3399.879883,3402.189941,3361.530029,3370.76001,3370.76001,37088700
21/07/2020,3404.159912,3451.159912,3401.419922,3405.350098,3405.350098,50373700
20/07/2020,3361.25,3393.429932,3332.639893,3388.340088,3388.340088,31559400
17/07/2020,3370.51001,3375.219971,3353.97998,3365.600098,3365.600098,40426900
16/07/2020,3371.050049,3376.580078,3340.959961,3365.350098,3365.350098,34867400
15/07/2020,3331.840088,3399.709961,3331.840088,3378.209961,3378.209961,46656400
14/07/2020,3330.080078,3330.080078,3277.399902,3321.389893,3321.389893,36816100
13/07/2020,3311.820068,3353.26001,3307.560059,3350,3350,32803300
10/07/2020,3255.399902,3299.540039,3241.290039,3296.219971,3296.219971,31875100
09/07/2020,3291.699951,3315.540039,3253.580078,3261.169922,3261.169922,33328900
08/07/2020,3310.830078,3324.850098,3278.100098,3286.090088,3286.090088,38168200
07/07/2020,3338.719971,3338.719971,3299.98999,3321.560059,3321.560059,34866600
06/07/2020,3314.399902,3375.699951,3314.399902,3350.030029,3350.030029,43068900
02/07/2020,3239.47998,3335.399902,3239.47998,3320.090088,3320.090088,54200000
01/07/2020,3239.860107,3250.560059,3181.120117,3228.449951,3228.449951,34844500
30/06/2020,3235.870117,3249.429932,3209.959961,3234.070068,3234.070068,41993800
29/06/2020,3196.209961,3252.330078,3183.110107,3232.02002,3232.02002,38658000
26/06/2020,3233.139893,3272.969971,3199.810059,3204.169922,3204.169922,37104600
25/06/2020,3196.25,3235.360107,3149.669922,3218.909912,3218.909912,44003600
24/06/2020,3289,3289,3196.120117,3196.120117,3196.120117,45124300
23/06/2020,3253.330078,3317.870117,3253.330078,3298.830078,3298.830078,47214600
22/06/2020,3259.429932,3279.419922,3219.149902,3241.689941,3241.689941,35277100
19/06/2020,3257,3300.659912,3257,3269.100098,3269.100098,111740900
18/06/2020,3260.669922,3288.179932,3225.100098,3249.899902,3249.899902,53767800
17/06/2020,3240.090088,3282.919922,3238.560059,3267.26001,3267.26001,51162200
16/06/2020,3156.030029,3277.870117,3156.030029,3242.649902,3242.649902,65934800
15/06/2020,3131.429932,3153.370117,3054.110107,3136.399902,3136.399902,52217200
12/06/2020,3135.219971,3213.76001,3110.300049,3153.73999,3153.73999,56149700
11/06/2020,3263.610107,3263.610107,3144.570068,3144.570068,3144.570068,75070500
10/06/2020,3327.310059,3355.76001,3289.25,3293.709961,3293.709961,52914000
09/06/2020,3368.550049,3377.199951,3294.73999,3320.709961,3320.709961,74580700
08/06/2020,3378.939941,3394.899902,3341.23999,3366.290039,3366.290039,73190200
05/06/2020,3281.919922,3386.959961,3281.919922,3384.290039,3384.290039,92614300
04/06/2020,3261.090088,3293.26001,3232.790039,3261.669922,3261.669922,72905500
03/06/2020,3169.72998,3275.679932,3169.72998,3269.590088,3269.590088,72247900
02/06/2020,3096.149902,3168.47998,3096.149902,3159.02002,3159.02002,61020800
29/05/2020,3081.780029,3096.23999,3049.330078,3050.199951,3050.199951,74784400
28/05/2020,3058.75,3102.959961,3053.76001,3094.469971,3094.469971,58748700
27/05/2020,3004.090088,3067.350098,3002.659912,3051.080078,3051.080078,79310100
26/05/2020,2983.649902,3009.429932,2978.530029,2999.219971,2999.219971,57523000
25/05/2020,2919.100098,2971.350098,2912.959961,2971.350098,2971.350098,26951600
22/05/2020,2889.379883,2922.199951,2854.070068,2905.469971,2905.469971,45185000
20/05/2020,2895.51001,2946.469971,2874.949951,2942.389893,2942.389893,53598800
19/05/2020,2931.169922,2944.959961,2876.659912,2902.580078,2902.580078,67917600
18/05/2020,2800.070068,2923.320068,2800.070068,2911.879883,2911.879883,49019700
15/05/2020,2777.429932,2801.850098,2755.149902,2770.699951,2770.699951,45571600
14/05/2020,2796.47998,2796.47998,2708.070068,2760.22998,2760.22998,57058600
13/05/2020,2872.01001,2872.01001,2805.27002,2810.550049,2810.550049,43276900
12/05/2020,2878.610107,2896.399902,2871.25,2884.199951,2884.199951,34341700
11/05/2020,2915.719971,2927.26001,2861.709961,2883.75,2883.75,34181800
08/05/2020,2892.949951,2912.02002,2887.48999,2908.110107,2908.110107,30049200
07/05/2020,2842.820068,2883.02002,2842.820068,2880.600098,2880.600098,40523600
06/05/2020,2876.449951,2878.699951,2839.77002,2843.76001,2843.76001,41340100
05/05/2020,2830.330078,2878.51001,2827.370117,2875.909912,2875.909912,48881400
04/05/2020,2898.889893,2898.889893,2801.070068,2816.47998,2816.47998,57385400
30/04/2020,3003.209961,3023.830078,2917.310059,2927.929932,2927.929932,72735300
29/04/2020,2934.48999,3000.48999,2919.73999,2996.080078,2996.080078,50038700
28/04/2020,2882.810059,2951.350098,2880.719971,2932.060059,2932.060059,54617500
27/04/2020,2838.959961,2882.110107,2838.959961,2882.090088,2882.090088,36116400
24/04/2020,2837.330078,2849.080078,2799.120117,2809.070068,2809.070068,42442100
23/04/2020,2837.320068,2883.600098,2815.120117,2852.459961,2852.459961,41583000
22/04/2020,2800.810059,2838.26001,2800.810059,2834.899902,2834.899902,41194100
21/04/2020,2889.570068,2889.570068,2791.340088,2791.340088,2791.340088,50936200
20/04/2020,2894.909912,2909.5,2839.179932,2909.5,2909.5,42212500
17/04/2020,2842.100098,2931.550049,2842.100098,2888.300049,2888.300049,61196500
16/04/2020,2826.699951,2853.570068,2792.169922,2812.350098,2812.350098,53496700
15/04/2020,2914.300049,2914.300049,2795.469971,2808.199951,2808.199951,60155000
14/04/2020,2911.199951,2956.219971,2905.719971,2917.73999,2917.73999,51060900
09/04/2020,2864.449951,2922.070068,2833.449951,2892.790039,2892.790039,63031900
08/04/2020,2846.25,2851.27002,2793.709961,2851.27002,2851.27002,47429200
07/04/2020,2819.530029,2914.459961,2819.530029,2857.669922,2857.669922,68931200
06/04/2020,2701.860107,2804.699951,2701.860107,2795.969971,2795.969971,58554000
03/04/2020,2686.070068,2693.5,2655.800049,2662.98999,2662.98999,63604500
02/04/2020,2693.129883,2711.449951,2626.100098,2688.48999,2688.48999,66558700
01/04/2020,2760.540039,2760.540039,2663.419922,2680.300049,2680.300049,63218900
31/03/2020,2780.800049,2827.320068,2728.02002,2786.899902,2786.899902,74498500
30/03/2020,2734.919922,2765.620117,2658.879883,2765.620117,2765.620117,64132100
27/03/2020,2803.090088,2803.090088,2694.780029,2728.649902,2728.649902,66178500
26/03/2020,2765.860107,2847.780029,2706.290039,2847.780029,2847.780029,65311000
25/03/2020,2756.98999,2829.340088,2670.27002,2800.139893,2800.139893,90505600
24/03/2020,2507.610107,2715.110107,2507.610107,2715.110107,2715.110107,87882800
23/03/2020,2520.47998,2588.47998,2427.870117,2485.540039,2485.540039,0
20/03/2020,2475.139893,2613.530029,2475.139893,2548.5,2548.5,133712500
19/03/2020,2388.939941,2461.570068,2345.300049,2454.080078,2454.080078,101353900
18/03/2020,2507.330078,2507.330078,2365.699951,2385.820068,2385.820068,98214900
17/03/2020,2475.179932,2555.409912,2376.22998,2530.5,2530.5,106905300
16/03/2020,2557.709961,2557.709961,2302.840088,2450.370117,2450.370117,137137000
13/03/2020,2584.360107,2793.27002,2537.27002,2586.02002,2586.02002,136547100
12/03/2020,2883.25,2883.25,2535.889893,2545.22998,2545.22998,167329900
11/03/2020,2924.929932,2998.649902,2893.429932,2905.560059,2905.560059,87723500
10/03/2020,2973.610107,3088.570068,2896.73999,2910.02002,2910.02002,118221300
09/03/2020,3214.199951,3214.199951,2939.850098,2959.070068,2959.070068,143365800
06/03/2020,3347.830078,3347.830078,3216.439941,3232.070068,3232.070068,85089300
05/03/2020,3431.780029,3438.060059,3338.409912,3363.580078,3363.580078,73060200
04/03/2020,3374,3438.209961,3350.22998,3420.560059,3420.560059,66431500
03/03/2020,3355.52002,3448.23999,3354.300049,3371.969971,3371.969971,79445600
02/03/2020,3355.330078,3406.399902,3257.98999,3338.830078,3338.830078,90017600
28/02/2020,3431.52002,3431.52002,3283.179932,3329.48999,3329.48999,123088500
27/02/2020,3553.050049,3553.050049,3410.699951,3455.919922,3455.919922,86756400
26/02/2020,3567.030029,3595.800049,3467.580078,3577.679932,3577.679932,71790400
25/02/2020,3655.840088,3668.699951,3568.47998,3572.51001,3572.51001,62808900
24/02/2020,3762.350098,3762.350098,3632.290039,3647.97998,3647.97998,79995300
21/02/2020,3816.51001,3827.360107,3776.820068,3800.379883,3800.379883,48443600
20/02/2020,3867.280029,3867.280029,3822.97998,3822.97998,3822.97998,41279700
19/02/2020,3846.389893,3865.429932,3846.389893,3865.179932,3865.179932,40369200
18/02/2020,3848.560059,3848.560059,3826.22998,3836.540039,3836.540039,53062800
14/02/2020,3847.929932,3851.419922,3835.790039,3840.969971,3840.969971,29903600
13/02/2020,3849.100098,3849.100098,3799.97998,3846.73999,3846.73999,38736400
12/02/2020,3829.659912,3854.429932,3829.659912,3854.429932,3854.429932,42244300
11/02/2020,3804.459961,3832.060059,3804.459961,3825.840088,3825.840088,38624600
10/02/2020,3794.179932,3794.179932,3779.100098,3793.179932,3793.179932,28458100
07/02/2020,3804.860107,3806.060059,3782.209961,3798.48999,3798.48999,39161600
06/02/2020,3791.070068,3808.73999,3790.540039,3805.52002,3805.52002,52514600
05/02/2020,3727.219971,3782.850098,3717.719971,3777.840088,3777.840088,56845600
04/02/2020,3670.97998,3732.280029,3670.97998,3732.280029,3732.280029,45379700
03/02/2020,3646.860107,3673.280029,3641.840088,3661.27002,3661.27002,32500600
31/01/2020,3697.669922,3705.330078,3639.439941,3640.909912,3640.909912,49702300
30/01/2020,3717.929932,3717.929932,3676.659912,3690.780029,3690.780029,42455300
29/01/2020,3717.639893,3743.26001,3715.73999,3736.360107,3736.360107,36474700
28/01/2020,3684.689941,3722.709961,3671.73999,3719.219971,3719.219971,37478400
27/01/2020,3754.629883,3754.629883,3673.800049,3677.840088,3677.840088,44844200
24/01/2020,3744.75,3795.330078,3744.75,3779.159912,3779.159912,31726500
23/01/2020,3764.100098,3770.01001,3734.060059,3736.850098,3736.850098,33330600
22/01/2020,3792.050049,3802.679932,3765.48999,3769.790039,3769.790039,32477100
21/01/2020,3786.26001,3789.120117,3760.360107,3789.120117,3789.120117,27585100
17/01/2020,3780.540039,3813.800049,3780.540039,3808.26001,3808.26001,33003100
16/01/2020,3770.959961,3785.669922,3758.550049,3774.139893,3774.139893,17583900
15/01/2020,3774.929932,3778.939941,3755.300049,3768.959961,3768.959961,33409000
14/01/2020,3779.350098,3783.76001,3745.469971,3774.879883,3774.879883,33071500
13/01/2020,3789.870117,3798.580078,3768.449951,3779.679932,3779.679932,27508600
10/01/2020,3801.120117,3803.909912,3786.929932,3789.52002,3789.52002,27400900
09/01/2020,3782.77002,3807.090088,3782.77002,3795.879883,3795.879883,33480100
08/01/2020,3752.870117,3775.429932,3732.899902,3772.560059,3772.560059,34988400
07/01/2020,3760.090088,3784.419922,3748.129883,3759.25,3759.25,29853300
06/01/2020,3764.340088,3764.340088,3710.939941,3752.52002,3752.52002,28339400
03/01/2020,3787.570068,3787.570068,3745.540039,3773.370117,3773.370117,30343400
